#Type: Tag;Local: en;Date: 6.6.2018
#nbTag:;1
;hash 708;;
timestamp_ns;X708;Y708;Z708;TTL;
4209664062500;1418.42;2500.11;13.1839;
4209671875000;;;;
4209734375000;1418.55;2500.05;13.2014;
4209742187500;;;;
4209804687500;1418.67;2500.05;13.1967;
4209812500000;;;;
4209875000000;1418.74;2500.07;13.2759;
4209882812500;;;;
4209945312500;1418.84;2500.11;13.2274;
4209953125000;;;;
4210015625000;1419.04;2500.06;12.8923;
4210023437500;;;;
4210085937500;1419.19;2500.03;12.8984;
4210093750000;;;;
4210156250000;1419.32;2500.07;12.926;
4210164062500;;;;
4210226562500;1419.34;2500.15;13.0059;
4210234375000;;;;
4210296875000;1419.45;2500.16;12.9398;
4210304687500;;;;
4210367187500;1419.53;2500.11;12.2189;
4210375000000;;;;
4210437500000;1419.61;2500.06;12.4544;
4210445312500;;;;
4210507812500;1419.78;2500;12.5857;
4210515625000;;;;
4210578125000;1419.91;2499.96;12.675;
4210585937500;;;;
4210648437500;1420.05;2499.98;12.8271;
4210656250000;;;;
4210718750000;1420.19;2499.97;12.832;
4210726562500;;;;
4210789062500;1420.29;2500.01;12.934;
4210796875000;;;;
4210859375000;1420.36;2500.03;13.2686;
4210867187500;;;;
4210929687500;1420.47;2500.03;13.2642;
4210937500000;;;;
4211000000000;1420.56;2500.05;13.3254;
4211007812500;;;;
4211070312500;1420.68;2500.05;13.3936;
4211078125000;;;;
4211140625000;1420.86;2500.06;13.3104;
4211148437500;;;;
4211210937500;1420.98;2500.06;13.3739;
4211218750000;;;;
4211281250000;1421.11;2500.07;13.4583;
4211289062500;;;;
4211351562500;1421.18;2500.08;13.3675;
4211359375000;;;;
4211421875000;1421.3;2500.08;13.409;
4211429687500;;;;
4211492187500;1421.41;2500.08;12.5716;
4211500000000;;;;
4211562500000;1421.54;2500;12.7658;
4211570312500;;;;
4211632812500;1421.65;2500;12.7617;
4211640625000;;;;
4211703125000;1421.69;2499.98;13.055;
4211710937500;;;;
4211773437500;1421.83;2500.01;13.1418;
4211781250000;;;;
4211843750000;1421.96;2500.01;13.1395;
4211851562500;;;;
4211914062500;1422.07;2500.01;13.1711;
4211921875000;;;;
4211984375000;1422.21;2500.05;13.0995;
4211992187500;;;;
4212054687500;1422.29;2500.06;13.1327;
4212062500000;;;;
4212125000000;1422.42;2500.08;13.1566;
4212132812500;;;;
4212195312500;1422.59;2500.08;13.2323;
4212203125000;;;;
4212265625000;1422.72;2500.1;13.2667;
4212273437500;;;;
4212335937500;1422.8;2500.09;13.5977;
4212343750000;;;;
4212406250000;1422.93;2500.1;13.6633;
4212414062500;;;;
4212476562500;1423.03;2500.07;13.6627;
4212484375000;;;;
4212546875000;1423.1;2500.05;13.389;
4212554687500;;;;
4212617187500;1423.21;2500.05;13.4165;
4212625000000;;;;
4212687500000;1423.31;2500.06;13.4898;
4212695312500;;;;
4212757812500;1423.41;2500.06;13.5659;
4212765625000;;;;
4212828125000;1423.54;2500.06;13.5768;
4212835937500;;;;
4212898437500;1423.63;2500.1;13.5878;
4212906250000;;;;
4212968750000;1423.74;2500.13;13.5948;
4212976562500;;;;
4213039062500;1423.84;2500.14;13.6136;
4213046875000;;;;
4213109375000;1423.98;2500.11;13.2009;
4213117187500;;;;
4213179687500;1424.11;2500.12;13.1403;
4213187500000;;;;
4213250000000;1424.26;2500.09;13.077;
4213257812500;;;;
4213320312500;1424.35;2500.06;13.0978;
4213328125000;;;;
4213390625000;1424.46;2499.98;13.1342;
4213398437500;;;;
4213460937500;1424.59;2499.95;13.0691;
4213468750000;;;;
4213531250000;1424.68;2499.96;13.1191;
4213539062500;;;;
4213601562500;1424.79;2499.92;13.0899;
4213609375000;;;;
4213671875000;1424.85;2499.94;13.0209;
4213679687500;;;;
4213742187500;1424.94;2499.96;12.9501;
4213750000000;;;;
4213812500000;1425.03;2499.95;12.958;
4213820312500;;;;
4213882812500;1425.16;2499.99;13.0691;
4213890625000;;;;
4213953125000;1425.26;2499.99;13.0388;
4213960937500;;;;
4214023437500;1425.35;2499.96;13.0871;
4214031250000;;;;
4214093750000;1425.46;2499.95;12.9806;
4214101562500;;;;
4214164062500;1425.56;2499.94;12.9486;
4214171875000;;;;
4214234375000;1425.67;2499.98;13.1432;
4214242187500;;;;
4214304687500;1425.78;2499.98;13.1406;
4214312500000;;;;
4214375000000;1425.88;2499.96;13.1154;
4214382812500;;;;
4214445312500;1426;2499.95;13.0229;
4214453125000;;;;
4214515625000;1426.14;2499.93;13.035;
4214523437500;;;;
4214585937500;1426.29;2499.92;12.9422;
4214593750000;;;;
4214656250000;1426.36;2500.02;13.1213;
4214664062500;;;;
4214726562500;1426.47;2499.99;13.1433;
4214734375000;;;;
4214796875000;1426.56;2499.99;13.1252;
4214804687500;;;;
4214867187500;1426.69;2499.95;13.1369;
4214875000000;;;;
4214937500000;1426.83;2499.93;13.1889;
4214945312500;;;;
4215007812500;1426.93;2499.91;13.1683;
4215015625000;;;;
4215078125000;1427.05;2499.89;13.1292;
4215085937500;;;;
4215148437500;1427.17;2499.9;13.1706;
4215156250000;;;;
4215218750000;1427.26;2499.95;13.1319;
4215226562500;;;;
4215289062500;1427.39;2500;13.0509;
4215296875000;;;;
4215359375000;1427.48;2500.02;13.0596;
4215367187500;;;;
4215429687500;1427.59;2500.03;13.044;
4215437500000;;;;
4215500000000;1427.7;2500.02;13.1214;
4215507812500;;;;
4215570312500;1427.84;2500.01;13.0547;
4215578125000;;;;
4215640625000;1427.92;2499.94;12.7176;
4215648437500;;;;
4215710937500;1428.02;2499.95;12.7095;
4215718750000;;;;
4215781250000;1428.12;2499.94;12.6791;
4215789062500;;;;
4215851562500;1428.22;2499.93;12.6402;
4215859375000;;;;
4215921875000;1428.37;2499.99;12.6699;
4215929687500;;;;
4215992187500;1428.51;2499.95;12.573;
4216000000000;;;;
4216062500000;1428.62;2499.89;12.4455;
4216070312500;;;;
4216132812500;1428.73;2500.01;12.7711;
4216140625000;;;;
4216203125000;1428.85;2500;12.8212;
4216210937500;;;;
4216273437500;1428.95;2499.97;12.8129;
4216281250000;;;;
4216343750000;1429.05;2500.02;12.9021;
4216351562500;;;;
4216414062500;1429.16;2499.98;12.814;
4216421875000;;;;
4216484375000;1429.25;2499.97;12.7916;
4216492187500;;;;
4216554687500;1429.31;2499.95;12.8932;
4216562500000;;;;
4216625000000;1429.43;2499.93;12.8972;
4216632812500;;;;
4216695312500;1429.58;2499.92;12.7766;
4216703125000;;;;
4216765625000;1429.69;2499.87;12.7148;
4216773437500;;;;
4216835937500;1429.8;2499.87;12.7749;
4216843750000;;;;
4216906250000;1429.89;2499.87;12.7903;
4216914062500;;;;
4216976562500;1429.98;2499.87;12.7605;
4216984375000;;;;
4217046875000;1430.1;2499.85;12.9026;
4217054687500;;;;
4217117187500;1430.23;2499.85;12.9317;
4217125000000;;;;
4217187500000;1430.4;2499.89;12.9975;
4217195312500;;;;
4217257812500;1430.54;2499.9;13.011;
4217265625000;;;;
4217328125000;1430.65;2499.9;12.9005;
4217335937500;;;;
4217398437500;1430.74;2499.92;13.0118;
4217406250000;;;;
4217468750000;1430.86;2499.92;13.0189;
4217476562500;;;;
4217539062500;1430.98;2499.91;12.9469;
4217546875000;;;;
4217609375000;1431.11;2499.94;12.9258;
4217617187500;;;;
4217679687500;1431.23;2499.88;12.8226;
4217687500000;;;;
4217750000000;1431.39;2499.95;12.9103;
4217757812500;;;;
4217820312500;1431.45;2499.92;12.0266;
4217828125000;;;;
4217890625000;1431.59;2499.89;12.3284;
4217898437500;;;;
4217960937500;1431.7;2499.86;12.3927;
4217968750000;;;;
4218031250000;1431.84;2499.86;12.4567;
4218039062500;;;;
4218101562500;1431.97;2499.82;12.5246;
4218109375000;;;;
4218171875000;1432.1;2499.81;12.5181;
4218179687500;;;;
4218242187500;1432.23;2499.86;12.5557;
4218250000000;;;;
4218312500000;1432.35;2499.9;12.8658;
4218320312500;;;;
4218382812500;1432.48;2499.91;12.9328;
4218390625000;;;;
4218453125000;1432.65;2499.91;13.0096;
4218460937500;;;;
4218523437500;1432.8;2499.91;13.0666;
4218531250000;;;;
4218593750000;1432.93;2499.91;13.1816;
4218601562500;;;;
4218664062500;1433.08;2499.89;12.6463;
4218671875000;;;;
4218734375000;1433.24;2499.89;12.6911;
4218742187500;;;;
4218804687500;1433.39;2499.86;12.8073;
4218812500000;;;;
4218875000000;1433.55;2499.85;12.8193;
4218882812500;;;;
4218945312500;1433.67;2499.81;12.9312;
4218953125000;;;;
4219015625000;1433.76;2499.84;12.988;
4219023437500;;;;
4219085937500;1433.85;2499.85;13.0317;
4219093750000;;;;
4219156250000;1433.95;2499.88;13.1167;
4219164062500;;;;
4219226562500;1434.05;2499.86;13.1702;
4219234375000;;;;
4219296875000;1434.15;2499.87;13.0996;
4219304687500;;;;
4219367187500;1434.25;2499.92;13.0972;
4219375000000;;;;
4219437500000;1434.35;2499.95;13.0685;
4219445312500;;;;
4219507812500;1434.46;2499.92;12.7851;
4219515625000;;;;
4219578125000;1434.56;2499.94;12.8117;
4219585937500;;;;
4219648437500;1434.68;2499.93;12.754;
4219656250000;;;;
4219718750000;1434.83;2499.9;12.6429;
4219726562500;;;;
4219789062500;1434.95;2499.91;12.5921;
4219796875000;;;;
4219859375000;1435.15;2499.95;12.6311;
4219867187500;;;;
4219929687500;1435.23;2499.96;12.5867;
4219937500000;;;;
4220000000000;1435.34;2499.96;12.482;
4220007812500;;;;
4220070312500;1435.4;2499.89;12.4599;
4220078125000;;;;
4220140625000;1435.5;2499.88;12.4109;
4220148437500;;;;
4220210937500;1435.62;2499.84;12.3442;
4220218750000;;;;
4220281250000;1435.69;2499.81;12.2834;
4220289062500;;;;
4220351562500;1435.77;2499.84;12.3391;
4220359375000;;;;
4220421875000;1435.9;2499.83;12.5165;
4220429687500;;;;
4220492187500;1436;2499.82;12.5211;
4220500000000;;;;
4220562500000;1436.1;2499.82;12.5059;
4220570312500;;;;
4220632812500;1436.26;2499.87;12.7138;
4220640625000;;;;
4220703125000;1436.39;2499.87;12.7317;
4220710937500;;;;
4220773437500;1436.51;2499.85;12.7307;
4220781250000;;;;
4220843750000;1436.66;2499.86;12.7878;
4220851562500;;;;
4220914062500;1436.8;2499.87;12.601;
4220921875000;;;;
4220984375000;1436.94;2499.87;12.5988;
4220992187500;;;;
4221054687500;1437.07;2499.88;12.6107;
4221062500000;;;;
4221125000000;1437.16;2499.86;12.542;
4221132812500;;;;
4221195312500;1437.27;2499.86;12.5292;
4221203125000;;;;
4221265625000;1437.39;2499.86;12.5752;
4221273437500;;;;
4221335937500;1437.5;2499.86;12.5745;
4221343750000;;;;
4221406250000;1437.66;2499.91;12.7994;
4221414062500;;;;
4221476562500;1437.79;2499.92;12.8233;
4221484375000;;;;
4221546875000;1437.89;2499.89;12.7311;
4221554687500;;;;
4221617187500;1438;2499.89;12.7476;
4221625000000;;;;
4221687500000;1438.1;2499.87;12.7325;
4221695312500;;;;
4221757812500;1438.22;2499.88;12.6529;
4221765625000;;;;
4221828125000;1438.35;2499.88;12.6068;
4221835937500;;;;
4221898437500;1438.47;2499.94;11.4167;
4221906250000;;;;
4221968750000;1438.57;2499.92;11.6073;
4221976562500;;;;
4222039062500;1438.69;2499.95;11.3066;
4222046875000;;;;
4222109375000;1438.73;2499.91;11.6206;
4222117187500;;;;
4222179687500;1438.85;2499.83;11.7857;
4222187500000;;;;
4222250000000;1439;2499.83;12.0851;
4222257812500;;;;
4222320312500;1439.11;2499.81;12.0012;
4222328125000;;;;
4222390625000;1439.2;2499.83;12.1801;
4222398437500;;;;
4222460937500;1439.3;2499.81;12.2463;
4222468750000;;;;
4222531250000;1439.42;2499.8;12.3822;
4222539062500;;;;
4222601562500;1439.55;2499.82;12.3088;
4222609375000;;;;
4222671875000;1439.66;2499.83;12.457;
4222679687500;;;;
4222742187500;1439.78;2499.82;12.5345;
4222750000000;;;;
4222812500000;1439.89;2499.82;12.626;
4222820312500;;;;
4222882812500;1439.96;2499.83;12.5947;
4222890625000;;;;
4222953125000;1440.06;2499.83;12.6705;
4222960937500;;;;
4223023437500;1440.16;2499.83;12.7356;
4223031250000;;;;
4223093750000;1440.25;2499.81;12.8579;
4223101562500;;;;
4223164062500;1440.4;2499.8;12.7955;
4223171875000;;;;
4223234375000;1440.47;2499.75;11.7923;
4223242187500;;;;
4223304687500;1440.6;2499.72;12.1754;
4223312500000;;;;
4223375000000;1440.71;2499.7;12.254;
4223382812500;;;;
4223445312500;1440.85;2499.68;12.328;
4223453125000;;;;
4223515625000;1440.98;2499.66;12.3382;
4223523437500;;;;
4223585937500;1441.09;2499.69;12.2792;
4223593750000;;;;
4223656250000;1441.27;2499.73;12.2848;
4223664062500;;;;
4223726562500;1441.36;2499.76;11.6414;
4223734375000;;;;
4223796875000;1441.46;2499.79;11.9464;
4223804687500;;;;
4223867187500;1441.58;2499.81;11.9015;
4223875000000;;;;
4223937500000;1441.65;2499.84;12.1558;
4223945312500;;;;
4224007812500;1441.74;2499.86;12.2008;
4224015625000;;;;
4224078125000;1441.88;2499.86;12.2449;
4224085937500;;;;
4224148437500;1442.01;2499.87;12.2658;
4224156250000;;;;
4224218750000;1442.13;2499.85;11.5393;
4224226562500;;;;
4224289062500;1442.23;2499.87;11.8757;
4224296875000;;;;
4224359375000;1442.31;2499.88;12.2426;
4224367187500;;;;
4224429687500;1442.4;2499.88;12.2787;
4224437500000;;;;
4224500000000;1442.5;2499.87;12.3265;
4224507812500;;;;
4224570312500;1442.62;2499.82;12.476;
4224578125000;;;;
4224640625000;1442.76;2499.86;12.5079;
4224648437500;;;;
4224710937500;1442.85;2499.84;12.5211;
4224718750000;;;;
4224781250000;1443.01;2499.79;12.4738;
4224789062500;;;;
4224851562500;1443.13;2499.76;12.5304;
4224859375000;;;;
4224921875000;1443.26;2499.73;12.5799;
4224929687500;;;;
4224992187500;1443.4;2499.74;12.3194;
4225000000000;;;;
4225062500000;1443.52;2499.75;11.7976;
4225070312500;;;;
4225132812500;1443.65;2499.74;12.0229;
4225140625000;;;;
4225203125000;1443.77;2499.74;12.059;
4225210937500;;;;
4225273437500;1443.89;2499.74;12.055;
4225281250000;;;;
4225343750000;1443.98;2499.79;12.1053;
4225351562500;;;;
4225414062500;1444.07;2499.9;11.521;
4225421875000;;;;
4225484375000;1444.21;2499.92;11.9077;
4225492187500;;;;
4225554687500;1444.3;2499.94;12.1282;
4225562500000;;;;
4225625000000;1444.4;2499.93;12.3037;
4225632812500;;;;
4225695312500;1444.5;2499.93;12.3578;
4225703125000;;;;
4225765625000;1444.6;2499.94;12.403;
4225773437500;;;;
4225835937500;1444.8;2499.89;12.9426;
4225843750000;;;;
4225906250000;1444.92;2499.88;13.0505;
4225914062500;;;;
4225976562500;1445.05;2499.93;13.1011;
4225984375000;;;;
4226046875000;1445.18;2499.91;13.0797;
4226054687500;;;;
4226117187500;1445.33;2499.9;12.8795;
4226125000000;;;;
4226187500000;1445.45;2499.89;12.8026;
4226195312500;;;;
4226257812500;1445.57;2499.89;12.6208;
4226265625000;;;;
4226328125000;1445.68;2499.88;12.6209;
4226335937500;;;;
4226398437500;1445.8;2499.95;12.71;
4226406250000;;;;
4226468750000;1445.86;2499.89;12.632;
4226476562500;;;;
4226539062500;1445.96;2499.9;12.6298;
4226546875000;;;;
4226609375000;1446.07;2499.87;12.5599;
4226617187500;;;;
4226679687500;1446.21;2499.82;12.4584;
4226687500000;;;;
4226750000000;1446.31;2499.78;12.3866;
4226757812500;;;;
4226820312500;1446.44;2499.79;11.7491;
4226828125000;;;;
4226890625000;1446.52;2499.79;11.9465;
4226898437500;;;;
4226960937500;1446.66;2499.84;12.2235;
4226968750000;;;;
4227031250000;1446.78;2499.85;12.1982;
4227039062500;;;;
4227101562500;1446.91;2499.89;12.2508;
4227109375000;;;;
4227171875000;1447.03;2499.88;12.3604;
4227179687500;;;;
4227242187500;1447.16;2499.89;12.4024;
4227250000000;;;;
4227312500000;1447.32;2499.97;12.8281;
4227320312500;;;;
4227382812500;1447.45;2499.98;12.8864;
4227390625000;;;;
4227453125000;1447.57;2499.98;12.9432;
4227460937500;;;;
4227523437500;1447.65;2499.93;12.7993;
4227531250000;;;;
4227593750000;1447.77;2499.93;12.8487;
4227601562500;;;;
4227664062500;1447.85;2499.94;12.9416;
4227671875000;;;;
4227734375000;1447.92;2499.96;12.9624;
4227742187500;;;;
4227804687500;1448.02;2499.89;12.5923;
4227812500000;;;;
4227875000000;1448.13;2499.9;12.6456;
4227882812500;;;;
4227945312500;1448.26;2499.85;12.5873;
4227953125000;;;;
4228015625000;1448.38;2499.86;12.4895;
4228023437500;;;;
4228085937500;1448.5;2499.85;12.4536;
4228093750000;;;;
4228156250000;1448.67;2499.91;12.5885;
4228164062500;;;;
4228226562500;1448.78;2499.97;12.6111;
4228234375000;;;;
4228296875000;1448.92;2499.98;12.6297;
4228304687500;;;;
4228367187500;1449.05;2500.01;12.6269;
4228375000000;;;;
4228437500000;1449.16;2500.01;12.5872;
4228445312500;;;;
4228507812500;1449.28;2500.02;12.6863;
4228515625000;;;;
4228578125000;1449.42;2500.05;11.9039;
4228585937500;;;;
4228648437500;1449.54;2500;12.0764;
4228656250000;;;;
4228718750000;1449.68;2499.98;12.1801;
4228726562500;;;;
4228789062500;1449.79;2499.96;12.317;
4228796875000;;;;
4228859375000;1449.92;2499.95;12.3381;
4228867187500;;;;
4228929687500;1450.06;2499.93;12.6925;
4228937500000;;;;
4229000000000;1450.19;2499.94;12.7608;
4229007812500;;;;
4229070312500;1450.32;2499.95;12.7357;
4229078125000;;;;
4229140625000;1450.39;2499.95;12.8093;
4229148437500;;;;
4229210937500;1450.5;2499.95;12.8393;
4229218750000;;;;
4229281250000;1450.57;2499.96;12.9935;
4229289062500;;;;
4229351562500;1450.67;2499.99;13.0085;
4229359375000;;;;
4229421875000;1450.76;2499.95;12.7551;
4229429687500;;;;
4229492187500;1450.84;2499.93;12.7438;
4229500000000;;;;
4229562500000;1450.87;2500;12.8791;
4229570312500;;;;
4229632812500;1451.01;2499.95;12.8018;
4229640625000;;;;
4229703125000;1451.09;2499.94;11.9286;
4229710937500;;;;
4229773437500;1451.2;2499.96;12.0759;
4229781250000;;;;
4229843750000;1451.3;2499.95;12.01;
4229851562500;;;;
4229914062500;1451.41;2499.93;12.0259;
4229921875000;;;;
4229984375000;1451.57;2499.95;11.7152;
4229992187500;;;;
4230054687500;1451.71;2499.92;11.8374;
4230062500000;;;;
4230125000000;1451.84;2499.87;11.8721;
4230132812500;;;;
4230195312500;1451.89;2499.93;12.0942;
4230203125000;;;;
4230265625000;1452;2499.93;12.0945;
4230273437500;;;;
4230335937500;1452.05;2499.94;12.2331;
4230343750000;;;;
4230406250000;1452.05;2500.05;12.0084;
4230414062500;;;;
4230476562500;1452.11;2500.04;12.0816;
4230484375000;;;;
4230546875000;1452.2;2499.99;12.1948;
4230554687500;;;;
4230617187500;1452.31;2499.96;12.318;
4230625000000;;;;
4230687500000;1452.45;2499.92;12.4828;
4230695312500;;;;
4230757812500;1452.54;2499.88;12.5521;
4230765625000;;;;
4230828125000;1452.62;2499.85;12.6297;
4230835937500;;;;
4230898437500;1452.69;2499.85;12.6471;
4230906250000;;;;
4230968750000;1452.74;2499.87;12.5984;
4230976562500;;;;
4231039062500;1452.78;2499.89;12.5902;
4231046875000;;;;
4231109375000;1452.84;2499.9;12.4958;
4231117187500;;;;
4231179687500;1452.91;2499.92;12.2076;
4231187500000;;;;
4231250000000;1452.97;2499.92;12.1809;
4231257812500;;;;
4231320312500;1453.09;2499.89;12.3631;
4231328125000;;;;
4231390625000;1453.23;2499.89;12.3531;
4231398437500;;;;
4231460937500;1453.35;2499.89;12.3679;
4231468750000;;;;
4231531250000;1453.52;2499.86;12.3879;
4231539062500;;;;
4231601562500;1453.66;2499.86;12.4126;
4231609375000;;;;
4231671875000;1453.84;2499.85;12.4331;
4231679687500;;;;
4231742187500;1453.96;2499.83;12.4494;
4231750000000;;;;
4231812500000;1454.09;2499.87;12.6214;
4231820312500;;;;
4231882812500;1454.17;2499.88;11.6579;
4231890625000;;;;
4231953125000;1454.28;2499.89;11.9264;
4231960937500;;;;
4232023437500;1454.41;2499.89;11.8605;
4232031250000;;;;
4232093750000;1454.53;2499.89;12.0227;
4232101562500;;;;
4232164062500;1454.65;2499.86;12.1508;
4232171875000;;;;
4232234375000;1454.82;2499.88;12.2764;
4232242187500;;;;
4232304687500;1454.92;2499.86;12.3786;
4232312500000;;;;
4232375000000;1455;2499.87;12.5796;
4232382812500;;;;
4232445312500;1455.11;2499.87;12.6949;
4232453125000;;;;
4232515625000;1455.22;2499.89;12.7898;
4232523437500;;;;
4232585937500;1455.29;2499.9;12.736;
4232593750000;;;;
4232656250000;1455.41;2499.91;12.7632;
4232664062500;;;;
4232726562500;1455.52;2499.96;12.0901;
4232734375000;;;;
4232796875000;1455.62;2499.94;11.5444;
4232804687500;;;;
4232867187500;1455.73;2499.92;11.9051;
4232875000000;;;;
4232937500000;1455.86;2499.84;12.2279;
4232945312500;;;;
4233007812500;1455.99;2499.84;12.3594;
4233015625000;;;;
4233078125000;1456.11;2499.8;12.5259;
4233085937500;;;;
4233148437500;1456.2;2499.83;12.7055;
4233156250000;;;;
4233218750000;1456.32;2499.91;12.9179;
4233226562500;;;;
4233289062500;1456.43;2499.92;13.0263;
4233296875000;;;;
4233359375000;1456.54;2499.92;13.1496;
4233367187500;;;;
4233429687500;1456.75;2499.91;12.1792;
4233437500000;;;;
4233500000000;;;;
4233507812500;;;;
4233570312500;;;;
4233578125000;;;;
4233640625000;1457.06;2499.95;12.6496;
4233648437500;;;;
4233710937500;1457.17;2499.95;12.6845;
4233718750000;;;;
4233781250000;1457.33;2499.95;12.7642;
4233789062500;;;;
4233851562500;1457.41;2499.9;11.8082;
4233859375000;;;;
4233921875000;1457.52;2499.9;11.6819;
4233929687500;;;;
4233992187500;1457.62;2499.86;11.441;
4234000000000;;;;
4234062500000;1457.79;2499.86;11.1619;
4234070312500;;;;
4234132812500;1457.93;2499.8;11.5958;
4234140625000;;;;
4234203125000;1458.03;2499.77;11.875;
4234210937500;;;;
4234273437500;1458.11;2499.76;12.0044;
4234281250000;;;;
4234343750000;1458.27;2499.75;12.1731;
4234351562500;;;;
4234414062500;1458.39;2499.74;12.2269;
4234421875000;;;;
4234484375000;1458.52;2499.71;12.2928;
4234492187500;;;;
4234554687500;1458.7;2499.74;12.8087;
4234562500000;;;;
4234625000000;1458.78;2499.73;12.7477;
4234632812500;;;;
4234695312500;1458.86;2499.77;12.7669;
4234703125000;;;;
4234765625000;1458.96;2499.77;12.8779;
4234773437500;;;;
4234835937500;;;;
4234843750000;;;;
4234906250000;;;;
4234914062500;;;;
4234976562500;1459.26;2499.86;13.6603;
4234984375000;;;;
4235046875000;1459.3;2499.87;13.2934;
4235054687500;;;;
4235117187500;1459.38;2499.89;13.068;
4235125000000;;;;
4235187500000;1459.47;2499.89;13.1002;
4235195312500;;;;
4235257812500;1459.57;2499.85;13.0792;
4235265625000;;;;
4235328125000;1459.66;2499.82;13.0462;
4235335937500;;;;
4235398437500;1459.81;2499.82;12.9149;
4235406250000;;;;
4235468750000;1459.93;2499.82;12.7653;
4235476562500;;;;
4235539062500;1460.05;2499.82;12.7622;
4235546875000;;;;
4235609375000;1460.17;2499.82;12.7307;
4235617187500;;;;
4235679687500;1460.33;2499.81;12.7266;
4235687500000;;;;
4235750000000;1460.45;2499.78;12.6107;
4235757812500;;;;
4235820312500;1460.59;2499.78;12.5836;
4235828125000;;;;
4235890625000;1460.74;2499.8;12.5627;
4235898437500;;;;
4235960937500;1460.78;2499.81;11.2201;
4235968750000;;;;
4236031250000;1460.89;2499.82;11.0453;
4236039062500;;;;
4236101562500;1461;2499.83;10.8009;
4236109375000;;;;
4236171875000;1461.13;2499.8;11.4043;
4236179687500;;;;
4236242187500;1461.29;2499.79;11.8923;
4236250000000;;;;
4236312500000;1461.39;2499.78;12.1086;
4236320312500;;;;
4236382812500;1461.49;2499.8;11.6539;
4236390625000;;;;
4236453125000;1461.61;2499.8;11.5831;
4236460937500;;;;
4236523437500;1461.75;2499.8;11.6017;
4236531250000;;;;
4236593750000;1461.91;2499.85;12.1429;
4236601562500;;;;
4236664062500;1461.98;2499.86;11.715;
4236671875000;;;;
4236734375000;1462.07;2499.85;11.7532;
4236742187500;;;;
4236804687500;1462.17;2499.83;11.8511;
4236812500000;;;;
4236875000000;1462.29;2499.89;11.7904;
4236882812500;;;;
4236945312500;1462.42;2499.89;11.3735;
4236953125000;;;;
4237015625000;1462.52;2499.81;11.6036;
4237023437500;;;;
4237085937500;1462.64;2499.8;11.6601;
4237093750000;;;;
4237156250000;1462.73;2499.77;11.8802;
4237164062500;;;;
4237226562500;1462.85;2499.74;11.9847;
4237234375000;;;;
4237296875000;1462.93;2499.75;11.5226;
4237304687500;;;;
4237367187500;1463.04;2499.71;11.1287;
4237375000000;;;;
4237437500000;1463.14;2499.69;11.0287;
4237445312500;;;;
4237507812500;1463.23;2499.7;10.9241;
4237515625000;;;;
4237578125000;1463.33;2499.69;10.8009;
4237585937500;;;;
4237648437500;1463.48;2499.67;11.436;
4237656250000;;;;
4237718750000;1463.58;2499.66;11.446;
4237726562500;;;;
4237789062500;1463.69;2499.7;11.5596;
4237796875000;;;;
4237859375000;1463.81;2499.69;11.5923;
4237867187500;;;;
4237929687500;1463.91;2499.73;11.6934;
4237937500000;;;;
4238000000000;1463.99;2499.81;11.9147;
4238007812500;;;;
4238070312500;1464.09;2499.82;12.0095;
4238078125000;;;;
4238140625000;1464.23;2499.84;12.1395;
4238148437500;;;;
4238210937500;1464.37;2499.88;12.25;
4238218750000;;;;
4238281250000;1464.47;2499.89;12.4649;
4238289062500;;;;
4238351562500;1464.55;2499.89;12.6584;
4238359375000;;;;
4238421875000;1464.64;2499.88;12.5692;
4238429687500;;;;
4238492187500;1464.79;2499.88;11.9432;
4238500000000;;;;
4238562500000;1464.84;2499.82;11.1875;
4238570312500;;;;
4238632812500;1464.94;2499.85;11.0115;
4238640625000;;;;
4238703125000;1465.09;2499.87;11.1112;
4238710937500;;;;
4238773437500;1465.21;2499.84;11.4749;
4238781250000;;;;
4238843750000;1465.33;2499.81;11.8386;
4238851562500;;;;
4238914062500;1465.5;2499.88;11.6833;
4238921875000;;;;
4238984375000;1465.64;2499.86;11.739;
4238992187500;;;;
4239054687500;1465.81;2499.74;12.0018;
4239062500000;;;;
4239125000000;1465.96;2499.69;12.0752;
4239132812500;;;;
4239195312500;1465.94;2499.65;11.7367;
4239203125000;;;;
4239265625000;1466.07;2499.61;11.7882;
4239273437500;;;;
4239335937500;1466.18;2499.58;11.8307;
4239343750000;;;;
4239406250000;1466.32;2499.59;11.208;
4239414062500;;;;
4239476562500;1466.37;2499.63;10.8501;
4239484375000;;;;
4239546875000;1466.47;2499.57;11.2167;
4239554687500;;;;
4239617187500;1466.59;2499.55;11.2328;
4239625000000;;;;
4239687500000;1466.76;2499.6;11.3217;
4239695312500;;;;
4239757812500;1466.82;2499.67;11.8111;
4239765625000;;;;
4239828125000;1466.9;2499.74;11.3505;
4239835937500;;;;
4239898437500;1467.02;2499.78;11.5323;
4239906250000;;;;
4239968750000;1467.22;2499.82;11.1984;
4239976562500;;;;
4240039062500;1467.33;2499.85;11.5323;
4240046875000;;;;
4240109375000;1467.48;2499.87;11.6768;
4240117187500;;;;
4240179687500;1467.62;2499.89;11.7406;
4240187500000;;;;
4240250000000;1467.65;2499.83;11.2553;
4240257812500;;;;
4240320312500;1467.73;2499.75;11.5639;
4240328125000;;;;
4240390625000;1467.86;2499.74;11.7528;
4240398437500;;;;
4240460937500;1467.98;2499.73;11.8531;
4240468750000;;;;
4240531250000;1468.12;2499.78;11.9033;
4240539062500;;;;
4240601562500;1468.17;2499.69;10.6507;
4240609375000;;;;
4240671875000;1468.3;2499.62;11.0605;
4240679687500;;;;
4240742187500;1468.42;2499.63;11.5878;
4240750000000;;;;
4240812500000;1468.54;2499.58;11.6523;
4240820312500;;;;
4240882812500;1468.69;2499.69;12.1399;
4240890625000;;;;
4240953125000;1468.85;2499.7;12.3269;
4240960937500;;;;
4241023437500;1468.98;2499.69;12.4257;
4241031250000;;;;
4241093750000;1469.1;2499.79;12.526;
4241101562500;;;;
4241164062500;1469.19;2499.77;12.2787;
4241171875000;;;;
4241234375000;1469.32;2499.78;12.3644;
4241242187500;;;;
4241304687500;1469.44;2499.77;12.5955;
4241312500000;;;;
4241375000000;1469.57;2499.79;12.7651;
4241382812500;;;;
4241445312500;1469.71;2499.82;12.1817;
4241453125000;;;;
4241515625000;1469.82;2499.83;12.6345;
4241523437500;;;;
4241585937500;1469.94;2499.85;12.7389;
4241593750000;;;;
4241656250000;1469.98;2499.85;12.8897;
4241664062500;;;;
4241726562500;1470.07;2499.88;12.9943;
4241734375000;;;;
4241796875000;1470.16;2499.86;13.1226;
4241804687500;;;;
4241867187500;1470.27;2499.71;13.0204;
4241875000000;;;;
4241937500000;1470.37;2499.59;12.8044;
4241945312500;;;;
4242007812500;1470.57;2499.65;12.8804;
4242015625000;;;;
4242078125000;1470.72;2499.7;12.3706;
4242085937500;;;;
4242148437500;1470.81;2499.8;11.8318;
4242156250000;;;;
4242218750000;1470.9;2499.77;11.7935;
4242226562500;;;;
4242289062500;1471.03;2499.79;11.643;
4242296875000;;;;
4242359375000;1471.2;2499.63;11.6295;
4242367187500;;;;
4242429687500;1471.26;2499.61;11.1728;
4242437500000;;;;
4242500000000;1471.39;2499.61;10.926;
4242507812500;;;;
4242570312500;1471.61;2499.62;11.4261;
4242578125000;;;;
4242640625000;1471.71;2499.67;11.3766;
4242648437500;;;;
4242710937500;1471.76;2499.68;11.2861;
4242718750000;;;;
4242781250000;1471.9;2499.69;11.7415;
4242789062500;;;;
4242851562500;1471.99;2499.67;11.9574;
4242859375000;;;;
4242921875000;1472.08;2499.66;11.9697;
4242929687500;;;;
4242992187500;1472.18;2499.66;11.9891;
4243000000000;;;;
4243062500000;1472.3;2499.67;11.377;
4243070312500;;;;
4243132812500;1472.43;2499.7;11.7958;
4243140625000;;;;
4243203125000;1472.55;2499.79;11.6511;
4243210937500;;;;
4243273437500;1472.66;2499.78;11.7851;
4243281250000;;;;
4243343750000;1472.75;2499.76;11.7596;
4243351562500;;;;
4243414062500;1472.89;2499.76;11.2546;
4243421875000;;;;
4243484375000;1472.99;2499.73;11.5635;
4243492187500;;;;
4243554687500;1473.1;2499.72;11.4033;
4243562500000;;;;
4243625000000;1473.23;2499.67;11.6534;
4243632812500;;;;
4243695312500;1473.34;2499.65;11.6842;
4243703125000;;;;
4243765625000;1473.5;2499.69;12.0892;
4243773437500;;;;
4243835937500;1473.63;2499.7;12.2549;
4243843750000;;;;
4243906250000;1473.76;2499.71;12.3617;
4243914062500;;;;
4243976562500;1473.95;2499.8;12.3681;
4243984375000;;;;
4244046875000;1474.1;2499.81;12.4684;
4244054687500;;;;
4244117187500;1474.18;2499.85;11.5587;
4244125000000;;;;
4244187500000;1474.28;2499.82;11.7195;
4244195312500;;;;
4244257812500;1474.41;2499.82;11.9339;
4244265625000;;;;
4244328125000;1474.54;2499.85;11.5123;
4244335937500;;;;
4244398437500;1474.63;2499.81;11.6722;
4244406250000;;;;
4244468750000;1474.72;2499.83;11.2134;
4244476562500;;;;
4244539062500;1474.83;2499.79;11.5265;
4244546875000;;;;
4244609375000;1474.95;2499.78;11.525;
4244617187500;;;;
4244679687500;1475.07;2499.76;11.7158;
4244687500000;;;;
4244750000000;1475.27;2499.8;11.2909;
4244757812500;;;;
4244820312500;1475.45;2499.79;11.5839;
4244828125000;;;;
4244890625000;1475.62;2499.8;11.9187;
4244898437500;;;;
4244960937500;1475.68;2499.83;11.5402;
4244968750000;;;;
4245031250000;1475.74;2499.81;11.8543;
4245039062500;;;;
4245101562500;1475.85;2499.8;11.9204;
4245109375000;;;;
4245171875000;1475.99;2499.81;12.0204;
4245179687500;;;;
4245242187500;1476.09;2499.79;12.121;
4245250000000;;;;
4245312500000;1476.2;2499.8;12.2433;
4245320312500;;;;
4245382812500;1476.33;2499.85;12.4502;
4245390625000;;;;
4245453125000;1476.43;2499.86;11.5795;
4245460937500;;;;
4245523437500;1476.54;2499.87;11.5143;
4245531250000;;;;
4245593750000;1476.69;2499.83;11.4189;
4245601562500;;;;
4245664062500;1476.85;2499.83;12.0042;
4245671875000;;;;
4245734375000;1476.99;2499.82;12.0475;
4245742187500;;;;
4245804687500;1477.11;2499.8;12.1645;
4245812500000;;;;
4245875000000;1477.16;2499.78;11.6153;
4245882812500;;;;
4245945312500;1477.28;2499.75;11.7386;
4245953125000;;;;
4246015625000;1477.37;2499.74;11.9826;
4246023437500;;;;
4246085937500;1477.51;2499.73;12.0314;
4246093750000;;;;
4246156250000;1477.65;2499.74;12.1005;
4246164062500;;;;
4246226562500;1477.81;2499.8;11.5416;
4246234375000;;;;
4246296875000;1477.96;2499.82;11.7529;
4246304687500;;;;
4246367187500;1478.09;2499.85;11.4909;
4246375000000;;;;
4246437500000;1478.26;2499.89;11.9406;
4246445312500;;;;
4246507812500;1478.4;2499.91;12.0071;
4246515625000;;;;
4246578125000;1478.44;2499.89;12.4128;
4246585937500;;;;
4246648437500;1478.52;2499.89;12.5631;
4246656250000;;;;
4246718750000;1478.6;2499.9;12.7115;
4246726562500;;;;
4246789062500;1478.66;2499.94;12.2322;
4246796875000;;;;
4246859375000;1478.77;2499.94;12.3002;
4246867187500;;;;
4246929687500;1478.88;2499.95;12.4814;
4246937500000;;;;
4247000000000;1478.97;2499.99;12.1368;
4247007812500;;;;
4247070312500;1479.08;2499.98;11.6755;
4247078125000;;;;
4247140625000;1479.25;2499.98;12.0681;
4247148437500;;;;
4247210937500;1479.45;2499.96;12.2595;
4247218750000;;;;
4247281250000;1479.63;2499.96;11.9233;
4247289062500;;;;
4247351562500;1479.81;2499.93;12.1186;
4247359375000;;;;
4247421875000;1479.96;2499.92;12.1787;
4247429687500;;;;
4247492187500;1480.07;2499.89;12.2872;
4247500000000;;;;
4247562500000;1480.17;2499.86;12.389;
4247570312500;;;;
4247632812500;1480.28;2499.86;12.4677;
4247640625000;;;;
4247703125000;1480.41;2499.83;12.5203;
4247710937500;;;;
4247773437500;1480.54;2499.81;12.5773;
4247781250000;;;;
4247843750000;1480.64;2499.88;11.9734;
4247851562500;;;;
4247914062500;1480.73;2499.86;11.7151;
4247921875000;;;;
4247984375000;1480.84;2499.85;11.3064;
4247992187500;;;;
4248054687500;1481;2499.84;11.6611;
4248062500000;;;;
4248125000000;1481.12;2499.83;11.5903;
4248132812500;;;;
4248195312500;1481.23;2499.84;11.1474;
4248203125000;;;;
4248265625000;1481.36;2499.85;10.9951;
4248273437500;;;;
4248335937500;1481.48;2499.86;10.8207;
4248343750000;;;;
4248406250000;1481.61;2499.83;11.5585;
4248414062500;;;;
4248476562500;1481.72;2499.83;11.9707;
4248484375000;;;;
4248546875000;1481.83;2499.81;12.0291;
4248554687500;;;;
4248617187500;1481.96;2499.81;12.2566;
4248625000000;;;;
4248687500000;1482.13;2499.85;12.5232;
4248695312500;;;;
4248757812500;1482.27;2499.86;12.63;
4248765625000;;;;
4248828125000;1482.36;2499.87;12.9303;
4248835937500;;;;
4248898437500;1482.48;2499.88;13.0134;
4248906250000;;;;
4248968750000;1482.55;2499.93;12.1944;
4248976562500;;;;
4249039062500;1482.65;2499.92;12.3293;
4249046875000;;;;
4249109375000;1482.75;2499.94;12.3735;
4249117187500;;;;
4249179687500;1482.84;2499.96;11.936;
4249187500000;;;;
4249250000000;1482.91;2499.93;11.5216;
4249257812500;;;;
4249320312500;1483.03;2499.95;11.2709;
4249328125000;;;;
4249390625000;1483.19;2499.99;10.7583;
4249398437500;;;;
4249460937500;1483.31;2499.98;10.3495;
4249468750000;;;;
4249531250000;1483.49;2499.95;10.2996;
4249539062500;;;;
4249601562500;1483.6;2499.89;10.5173;
4249609375000;;;;
4249671875000;1483.71;2499.85;10.9736;
4249679687500;;;;
4249742187500;1483.86;2499.84;10.9297;
4249750000000;;;;
4249812500000;1483.97;2499.84;10.9235;
4249820312500;;;;
4249882812500;1484.1;2499.81;10.8703;
4249890625000;;;;
4249953125000;1484.2;2499.8;11.4461;
4249960937500;;;;
4250023437500;1484.36;2499.8;11.8877;
4250031250000;;;;
4250093750000;1484.47;2499.83;11.6412;
4250101562500;;;;
4250164062500;1484.6;2499.82;11.774;
4250171875000;;;;
4250234375000;1484.75;2499.83;11.9493;
4250242187500;;;;
4250304687500;1484.93;2499.84;12.1295;
4250312500000;;;;
4250375000000;1485.06;2499.89;11.7676;
4250382812500;;;;
4250445312500;1485.23;2499.88;12.0263;
4250453125000;;;;
4250515625000;1485.34;2499.95;11.7194;
4250523437500;;;;
4250585937500;1485.45;2500;10.8272;
4250593750000;;;;
4250656250000;1485.59;2500.04;10.8031;
4250664062500;;;;
4250726562500;1485.75;2499.97;11.2983;
4250734375000;;;;
4250796875000;1485.87;2499.93;11.7963;
4250804687500;;;;
4250867187500;1485.98;2499.91;12.1348;
4250875000000;;;;
4250937500000;1486.1;2499.89;12.2796;
4250945312500;;;;
4251007812500;1486.2;2499.92;11.9442;
4251015625000;;;;
4251078125000;1486.33;2499.95;11.7981;
4251085937500;;;;
4251148437500;1486.44;2499.95;12.0115;
4251156250000;;;;
4251218750000;1486.56;2499.94;12.1519;
4251226562500;;;;
4251289062500;1486.67;2499.92;12.3463;
4251296875000;;;;
4251359375000;1486.84;2499.92;12.4875;
4251367187500;;;;
4251429687500;1486.97;2499.94;12.6936;
4251437500000;;;;
4251500000000;1487.09;2499.95;12.8082;
4251507812500;;;;
4251570312500;1487.14;2499.98;12.0127;
4251578125000;;;;
4251640625000;1487.29;2499.98;12.308;
4251648437500;;;;
4251710937500;1487.44;2500;12.2593;
4251718750000;;;;
4251781250000;1487.57;2500.01;12.2637;
4251789062500;;;;
4251851562500;1487.69;2499.98;12.2278;
4251859375000;;;;
4251921875000;1487.8;2499.96;11.4789;
4251929687500;;;;
4251992187500;1487.96;2499.95;11.5521;
4252000000000;;;;
4252062500000;1488.1;2499.94;11.5028;
4252070312500;;;;
4252132812500;1488.23;2499.91;11.727;
4252140625000;;;;
4252203125000;1488.34;2499.9;11.7173;
4252210937500;;;;
4252273437500;1488.47;2499.87;11.749;
4252281250000;;;;
4252343750000;1488.6;2499.86;11.9652;
4252351562500;;;;
4252414062500;1488.73;2499.84;12.0164;
4252421875000;;;;
4252484375000;1488.92;2499.83;12.0867;
4252492187500;;;;
4252554687500;1489.06;2499.82;12.1455;
4252562500000;;;;
4252625000000;1489.2;2499.82;12.2604;
4252632812500;;;;
4252695312500;1489.34;2499.84;12.2574;
4252703125000;;;;
4252765625000;1489.47;2499.87;12.2997;
4252773437500;;;;
4252835937500;1489.56;2499.86;12.3198;
4252843750000;;;;
4252906250000;1489.67;2499.85;12.3287;
4252914062500;;;;
4252976562500;1489.76;2499.87;12.3439;
4252984375000;;;;
4253046875000;1489.85;2499.9;12.3498;
4253054687500;;;;
4253117187500;1489.94;2499.91;12.3385;
4253125000000;;;;
4253187500000;1489.99;2499.95;11.4792;
4253195312500;;;;
4253257812500;1490.1;2499.95;11.6413;
4253265625000;;;;
4253328125000;1490.22;2499.94;11.8389;
4253335937500;;;;
4253398437500;1490.31;2499.95;11.826;
4253406250000;;;;
4253468750000;1490.46;2499.98;12.0518;
4253476562500;;;;
4253539062500;1490.6;2499.97;12.1435;
4253546875000;;;;
4253609375000;1490.74;2499.97;12.1684;
4253617187500;;;;
4253679687500;1490.86;2499.97;12.1915;
4253687500000;;;;
4253750000000;1491.02;2499.92;12.1996;
4253757812500;;;;
4253820312500;1491.06;2499.92;11.4172;
4253828125000;;;;
4253890625000;1491.17;2499.93;11.2241;
4253898437500;;;;
4253960937500;1491.29;2499.94;11.1221;
4253968750000;;;;
4254031250000;1491.43;2499.87;11.5087;
4254039062500;;;;
4254101562500;1491.51;2499.84;11.7864;
4254109375000;;;;
4254171875000;1491.64;2499.82;11.8798;
4254179687500;;;;
4254242187500;1491.78;2499.85;11.8807;
4254250000000;;;;
4254312500000;1491.94;2499.87;11.9855;
4254320312500;;;;
4254382812500;1492.07;2499.89;12.0322;
4254390625000;;;;
4254453125000;1492.19;2499.9;12.0309;
4254460937500;;;;
4254523437500;1492.32;2499.91;12.0692;
4254531250000;;;;
4254593750000;1492.46;2499.91;12.0964;
4254601562500;;;;
4254664062500;1492.64;2499.96;12.0686;
4254671875000;;;;
4254734375000;1492.68;2499.95;12.1146;
4254742187500;;;;
4254804687500;1492.81;2499.97;12.1178;
4254812500000;;;;
4254875000000;1492.97;2499.95;12.0419;
4254882812500;;;;
4254945312500;1493.12;2499.96;12.1109;
4254953125000;;;;
4255015625000;1493.18;2499.8;11.8239;
4255023437500;;;;
4255085937500;1493.28;2499.78;11.661;
4255093750000;;;;
4255156250000;1493.42;2499.81;11.6647;
4255164062500;;;;
4255226562500;1493.45;2499.81;11.631;
4255234375000;;;;
4255296875000;1493.49;2499.83;11.664;
4255304687500;;;;
4255367187500;1493.76;2499.78;11.7521;
4255375000000;;;;
4255437500000;1493.83;2499.75;11.5235;
4255445312500;;;;
4255507812500;1493.89;2499.73;11.6368;
4255515625000;;;;
4255578125000;1494;2499.75;11.6392;
4255585937500;;;;
4255648437500;1494.05;2499.76;11.7827;
4255656250000;;;;
4255718750000;1494.1;2499.76;11.8461;
4255726562500;;;;
4255789062500;1494.27;2499.87;12.1948;
4255796875000;;;;
4255859375000;1494.34;2499.89;12.3372;
4255867187500;;;;
4255929687500;1494.42;2499.91;12.4927;
4255937500000;;;;
4256000000000;1494.59;2499.97;12.6269;
4256007812500;;;;
4256070312500;1494.7;2500.02;12.7279;
4256078125000;;;;
4256140625000;1494.8;2500.06;12.7792;
4256148437500;;;;
4256210937500;1494.84;2500.08;12.8661;
4256218750000;;;;
4256281250000;1494.93;2500.13;12.8778;
4256289062500;;;;
4256351562500;1495.03;2500.15;12.8796;
4256359375000;;;;
4256421875000;1495.14;2500.18;12.8711;
4256429687500;;;;
4256492187500;1495.2;2500.19;12.8992;
4256500000000;;;;
4256562500000;1495.39;2500.2;12.6525;
4256570312500;;;;
4256632812500;1495.42;2500.2;12.6902;
4256640625000;;;;
4256703125000;1495.44;2500.18;12.739;
4256710937500;;;;
4256773437500;1495.49;2500.2;12.7495;
4256781250000;;;;
4256843750000;1495.55;2500.2;12.7388;
4256851562500;;;;
4256914062500;1495.58;2500.14;12.8971;
4256921875000;;;;
4256984375000;1495.68;2500.13;12.738;
4256992187500;;;;
4257054687500;1495.8;2500.06;12.6334;
4257062500000;;;;
4257125000000;1495.87;2500.04;12.5942;
4257132812500;;;;
4257195312500;1495.92;2500.01;12.5729;
4257203125000;;;;
4257265625000;1496.02;2500;12.4999;
4257273437500;;;;
4257335937500;1496.13;2499.97;12.3836;
4257343750000;;;;
4257406250000;1496.25;2499.92;12.2423;
4257414062500;;;;
4257476562500;1496.29;2499.91;12.5421;
4257484375000;;;;
4257546875000;1496.36;2499.92;12.6572;
4257554687500;;;;
4257617187500;1496.45;2499.91;12.6333;
4257625000000;;;;
4257687500000;1496.54;2499.89;12.6285;
4257695312500;;;;
4257757812500;1496.63;2499.89;12.6234;
4257765625000;;;;
4257828125000;1496.73;2499.97;12.7446;
4257835937500;;;;
4257898437500;1496.85;2499.93;12.7194;
4257906250000;;;;
4257968750000;1496.99;2499.93;12.8165;
4257976562500;;;;
4258039062500;1497.09;2499.97;12.9525;
4258046875000;;;;
4258109375000;1497.26;2499.93;12.8607;
4258117187500;;;;
4258179687500;1497.43;2499.92;12.8374;
4258187500000;;;;
4258250000000;;;;
4258257812500;;;;
4258320312500;;;;
4258328125000;;;;
4258390625000;;;;
4258398437500;;;;
4258460937500;;;;
4258468750000;;;;
4258531250000;;;;
4258539062500;;;;
4258601562500;1497.91;2499.88;10.5268;
4258609375000;;;;
4258671875000;1497.92;2499.81;10.9899;
4258679687500;;;;
4258742187500;1497.94;2499.8;11.118;
4258750000000;;;;
4258812500000;1497.94;2499.77;10.9933;
4258820312500;;;;
4258882812500;1498.01;2499.76;11.1009;
4258890625000;;;;
4258953125000;1498.02;2499.74;11.0161;
4258960937500;;;;
4259023437500;1498;2499.79;11.0833;
4259031250000;;;;
4259093750000;1497.96;2499.68;11.1751;
4259101562500;;;;
4259164062500;1497.98;2499.68;11.5482;
4259171875000;;;;
4259234375000;1497.95;2499.65;11.5499;
4259242187500;;;;
4259304687500;1497.87;2499.64;11.7566;
4259312500000;;;;
4259375000000;1497.84;2499.62;11.8104;
4259382812500;;;;
4259445312500;1497.81;2499.62;11.8574;
4259453125000;;;;
4259515625000;1497.86;2499.71;12.0055;
4259523437500;;;;
4259585937500;1497.84;2499.79;12.0011;
4259593750000;;;;
4259656250000;1497.84;2499.81;12.0328;
4259664062500;;;;
4259726562500;1497.89;2499.81;12.1241;
4259734375000;;;;
4259796875000;1497.9;2499.82;12.1757;
4259804687500;;;;
4259867187500;1497.97;2499.79;12.0047;
4259875000000;;;;
4259937500000;1498.04;2499.8;12.0041;
4259945312500;;;;
4260007812500;1498.17;2499.76;11.8734;
4260015625000;;;;
4260078125000;1498.25;2499.77;11.9066;
4260085937500;;;;
4260148437500;1498.35;2499.71;11.9186;
4260156250000;;;;
4260218750000;1498.47;2499.72;12.0418;
4260226562500;;;;
4260289062500;1498.52;2499.75;12.4403;
4260296875000;;;;
4260359375000;1498.66;2499.72;12.1194;
4260367187500;;;;
4260429687500;1498.78;2499.71;12.1203;
4260437500000;;;;
4260500000000;1498.88;2499.7;11.9473;
4260507812500;;;;
4260570312500;1498.93;2499.65;11.8289;
4260578125000;;;;
4260640625000;1499.05;2499.66;11.7888;
4260648437500;;;;
4260710937500;1499.07;2499.61;11.562;
4260718750000;;;;
4260781250000;1499.16;2499.58;11.4771;
4260789062500;;;;
4260851562500;1499.11;2499.34;11.1227;
4260859375000;;;;
4260921875000;1499.21;2499.3;11.0671;
4260929687500;;;;
4260992187500;1499.27;2499.4;11.016;
4261000000000;;;;
4261062500000;1499.37;2499.39;11.1141;
4261070312500;;;;
4261132812500;1499.48;2499.33;10.7812;
4261140625000;;;;
4261203125000;1499.52;2499.35;10.5727;
4261210937500;;;;
4261273437500;1499.6;2499.32;10.444;
4261281250000;;;;
4261343750000;1499.71;2499.27;10.4193;
4261351562500;;;;
4261414062500;1499.82;2499.27;10.3641;
4261421875000;;;;
4261484375000;1499.94;2499.27;10.337;
4261492187500;;;;
4261554687500;1499.98;2499.35;10.3893;
4261562500000;;;;
4261625000000;1500.07;2499.33;10.3304;
4261632812500;;;;
4261695312500;1500.12;2499.29;10.2649;
4261703125000;;;;
4261765625000;1500.22;2499.4;10.34;
4261773437500;;;;
4261835937500;1500.16;2499.36;10.0874;
4261843750000;;;;
4261906250000;1500.13;2499.53;10.1313;
4261914062500;;;;
4261976562500;1500.14;2499.48;10.2137;
4261984375000;;;;
4262046875000;1500.09;2499.36;10.1033;
4262054687500;;;;
4262117187500;1500.07;2499.35;10.0743;
4262125000000;;;;
4262187500000;1500.04;2499.33;10.0452;
4262195312500;;;;
4262257812500;1500.02;2499.34;10.0566;
4262265625000;;;;
4262328125000;1500.03;2499.52;10.4556;
4262335937500;;;;
4262398437500;1500.01;2499.54;10.5157;
4262406250000;;;;
4262468750000;1500.07;2499.56;10.7984;
4262476562500;;;;
4262539062500;1500.05;2499.55;10.8648;
4262546875000;;;;
4262609375000;1500.01;2499.49;10.7354;
4262617187500;;;;
4262679687500;1499.99;2499.48;10.7981;
4262687500000;;;;
4262750000000;1499.96;2499.49;10.8716;
4262757812500;;;;
4262820312500;1500.06;2499.56;10.8946;
4262828125000;;;;
4262890625000;1500.11;2499.49;10.7719;
4262898437500;;;;
4262960937500;1500.19;2499.58;10.9094;
4262968750000;;;;
4263031250000;1500.18;2499.57;10.9363;
4263039062500;;;;
4263101562500;1500.16;2499.32;10.636;
4263109375000;;;;
4263171875000;1500.15;2499.46;10.7779;
4263179687500;;;;
4263242187500;1500.13;2499.48;10.7676;
4263250000000;;;;
4263312500000;1500.22;2499.56;11.1361;
4263320312500;;;;
4263382812500;1500.27;2499.6;11.3398;
4263390625000;;;;
4263453125000;1500.26;2499.57;11.3412;
4263460937500;;;;
4263523437500;1500.25;2499.57;11.3432;
4263531250000;;;;
4263593750000;1500.25;2499.56;11.3315;
4263601562500;;;;
4263664062500;1500.21;2499.63;11.2191;
4263671875000;;;;
4263734375000;1500.16;2499.51;10.982;
4263742187500;;;;
4263804687500;1500.16;2499.52;10.9916;
4263812500000;;;;
4263875000000;1500.16;2499.52;11.03;
4263882812500;;;;
4263945312500;1500.16;2499.52;11.0009;
4263953125000;;;;
4264015625000;1500.17;2499.53;11.0272;
4264023437500;;;;
4264085937500;1500.2;2499.55;11.104;
4264093750000;;;;
4264156250000;1500.2;2499.57;11.1405;
4264164062500;;;;
4264226562500;1500.23;2499.55;11.2248;
4264234375000;;;;
4264296875000;1500.23;2499.56;11.2163;
4264304687500;;;;
4264367187500;1500.22;2499.58;11.3064;
4264375000000;;;;
4264437500000;1500.16;2499.61;11.3794;
4264445312500;;;;
4264507812500;1500.16;2499.61;11.4157;
4264515625000;;;;
4264578125000;1500.15;2499.64;11.4156;
4264585937500;;;;
4264648437500;1500.15;2499.67;11.4078;
4264656250000;;;;
4264718750000;1500.13;2499.69;11.4401;
4264726562500;;;;
4264789062500;1500.09;2499.76;11.4976;
4264796875000;;;;
4264859375000;1500.08;2499.76;11.5158;
4264867187500;;;;
4264929687500;1500.09;2499.78;11.4971;
4264937500000;;;;
4265000000000;1500.09;2499.79;11.5149;
4265007812500;;;;
4265070312500;1500.06;2499.76;11.4802;
4265078125000;;;;
4265140625000;1500.07;2499.79;11.4618;
4265148437500;;;;
4265210937500;1500.08;2499.8;11.4797;
4265218750000;;;;
4265281250000;1500.07;2499.79;11.4664;
4265289062500;;;;
4265351562500;1500.06;2499.8;11.4933;
4265359375000;;;;
4265421875000;1500.05;2499.81;11.5209;
4265429687500;;;;
4265492187500;1500.06;2499.83;11.5642;
4265500000000;;;;
4265562500000;1500.07;2499.83;11.5634;
4265570312500;;;;
4265632812500;1500.08;2499.83;11.5811;
4265640625000;;;;
4265703125000;1500.14;2499.92;11.9178;
4265710937500;;;;
4265773437500;1500.14;2499.92;11.8988;
4265781250000;;;;
4265843750000;1500.13;2499.9;11.869;
4265851562500;;;;
4265914062500;1500.12;2499.9;11.886;
4265921875000;;;;
4265984375000;1500.12;2499.89;11.8401;
4265992187500;;;;
4266054687500;1500.12;2499.88;11.8459;
4266062500000;;;;
4266125000000;1500.11;2499.89;11.8669;
4266132812500;;;;
4266195312500;1500.09;2499.89;11.8627;
4266203125000;;;;
4266265625000;1500.08;2499.88;11.8365;
4266273437500;;;;
4266335937500;1500.07;2499.88;11.8336;
4266343750000;;;;
4266406250000;1500.07;2499.87;11.8387;
4266414062500;;;;
4266476562500;1500.07;2499.89;11.8917;
4266484375000;;;;
4266546875000;1500.06;2499.88;11.9119;
4266554687500;;;;
4266617187500;1500.05;2499.87;11.8917;
4266625000000;;;;
4266687500000;1500.05;2499.86;11.8611;
4266695312500;;;;
4266757812500;1500.05;2499.86;11.8374;
4266765625000;;;;
4266828125000;1500.04;2499.86;11.8868;
4266835937500;;;;
4266898437500;1500.04;2499.87;11.8556;
4266906250000;;;;
4266968750000;1500.05;2499.87;11.8809;
4266976562500;;;;
4267039062500;1500.03;2499.87;11.8897;
4267046875000;;;;
4267109375000;1500.04;2499.88;11.9286;
4267117187500;;;;
4267179687500;1500.02;2499.87;11.8688;
4267187500000;;;;
4267250000000;1500.03;2499.88;11.8601;
4267257812500;;;;
4267320312500;1500.03;2499.88;11.8519;
4267328125000;;;;
4267390625000;1500.02;2499.88;11.8822;
4267398437500;;;;
4267460937500;;;;
4267468750000;;;;
4267531250000;;;;
4267539062500;;;;
4267601562500;;;;
4267609375000;;;;
4267671875000;;;;
4267679687500;;;;
4267742187500;1500.02;2499.9;11.9194;
4267750000000;;;;
4267812500000;1500.02;2499.89;11.8719;
4267820312500;;;;
4267882812500;1500.02;2499.87;11.8248;
4267890625000;;;;
4267953125000;1500.03;2499.88;11.8182;
4267960937500;;;;
4268023437500;1500.03;2499.89;11.8053;
4268031250000;;;;
4268093750000;1500.02;2499.89;11.8099;
4268101562500;;;;
4268164062500;1500.02;2499.88;11.8138;
4268171875000;;;;
4268234375000;1500.02;2499.88;11.7884;
4268242187500;;;;
4268304687500;1500.02;2499.88;11.7628;
4268312500000;;;;
4268375000000;1500.02;2499.89;11.7862;
4268382812500;;;;
4268445312500;1500.02;2499.89;11.8112;
4268453125000;;;;
4268515625000;1500.02;2499.89;11.8186;
4268523437500;;;;
4268585937500;1500.02;2499.9;11.8392;
4268593750000;;;;
4268656250000;1500.03;2499.91;11.8205;
4268664062500;;;;
4268726562500;1500.03;2499.91;11.8045;
4268734375000;;;;
4268796875000;1500.03;2499.92;11.7881;1;
4268804687500;;;;
4268867187500;1500.03;2499.91;11.7997;
4268875000000;;;;
4268937500000;1500.03;2499.91;11.8319;
4268945312500;;;;
4269007812500;1500.04;2499.92;11.8416;
4269015625000;;;;
4269078125000;1500.03;2499.92;11.8732;
4269085937500;;;;
4269148437500;1500.04;2499.93;11.87;
4269156250000;;;;
4269218750000;1500.03;2499.93;11.9106;
4269226562500;;;;
4269289062500;1500.04;2499.94;11.9217;
4269296875000;;;;
4269359375000;1500.04;2499.94;11.9251;
4269367187500;;;;
4269429687500;1500.05;2499.94;11.9314;
4269437500000;;;;
4269500000000;1500.04;2499.94;11.9447;
4269507812500;;;;
4269570312500;1500.05;2499.94;11.9258;
4269578125000;;;;
4269640625000;1500.05;2499.94;11.9249;
4269648437500;;;;
4269710937500;1500.05;2499.95;11.9713;
4269718750000;;;;
4269781250000;1500.05;2499.96;12.0165;
4269789062500;;;;
4269851562500;1500.05;2499.96;12.0094;
4269859375000;;;;
